{
    "file_info_results.json": [
        692,
        1617572128.0508711
    ],
    "json_out.json": [
        19786,
        1617397976.6636965
    ],
    "passwd.txt": [
        5633,
        1617395523.5377
    ],
    "print_scores.py": [
        4812,
        1617572206.5255616
    ]
}